Band-gap,Formation_energy,ICSD_id,Name,of_Atoms,Prototype,Spacegroup,Stability,Volume
0,0.730957772,33665,CsIO3,5,CaTiO3,Pm-3m,1.970558943,91.9981
2.548,-2.91635289,28617,NaTaO3,5,CaTiO3,Pm-3m,0.015168529,61.5701
1.532,-1.118824253,161481,CsPbI3,5,CaTiO3,Pm-3m,0.03100254,257.498
1.047,-2.294343562,158759,ScBiO3,5,CaTiO3,Pm-3m,0.346365063,66.2214
0,-0.809386125,44418,HoBRh3,5,CaTiO3,Pm-3m,0,73.9152
0,-1.202539823,56472,CsAuCl3,5,CaTiO3,Pm-3m,0.069879192,138.35
0,-0.031750732,150829,Mn3ZnC,5,CaTiO3,Pm-3m,0.042287786,57.9376
0.801,-2.216623554,15168,CsHgF3,5,CaTiO3,Pm-3m,0.001579836,93.7991
0,-1.70404897,65466,BaIrO3,5,CaTiO3,Pm-3m,0.148362336,66.5322
0.759,-2.183165258,15169,RbHgF3,5,CaTiO3,Pm-3m,0,89.7683
0,-2.848741721,108826,SrVO3,5,CaTiO3,Pm-3m,0.050806935,57.3607
0,-0.834625571,44438,LuBRh3,5,CaTiO3,Pm-3m,0,72.5744
3.615,-3.553369154,28629,LaAlO3,5,,R-3m,0.007793395,53.9875
3.123,-3.482952297,35550,NdAlO3,5,AlLaO3,R-3m,0.029636708,52.3232
0,-0.647996993,44423,ScBIr3,5,CaTiO3,Pm-3m,0.068007979,71.3392
2.245,-1.679973267,67319,Na3ClO,5,CaTiO3,Pm-3m,0.003815645,90.4201
0,-0.70167875,44430,LaBRh3,5,CaTiO3,Pm-3m,0,78.5558
0,-0.608329078,42925,Ti3AlC,5,CaTiO3,Pm-3m,0,72.9164
2.55,-2.914818712,28606,NaTaO3,5,NaNbO3(mP5),Cmmm,0.016702707,61.3711
4.663,-1.842621497,67265,Li3BrO,5,CaTiO3,Pm-3m,0.038275995,62.5378
1.848,-3.078630412,61315,BaPaO3,5,CaTiO3,Pm-3m,0.073886687,92.4822
3.03,-3.479002213,35549,PrAlO3,5,AlLaO3,R-3m,0.020574748,52.9995
0,-0.119026357,153274,Fe3RhN,5,CaTiO3,Pm-3m,0.00390066,56.4059
1.446,-2.818575329,37254,KMnF3,5,CaTiO3,Pm-3m,0.00188383,70.8662
0.451,-2.38543059,37255,KNiF3,5,CaTiO3,Pm-3m,0.001885273,62.7276
2.362,-2.918735763,39673,KTaO3,5,CaTiO3,Pm-3m,0.002115724,63.918
1.181,-1.487152196,33920,K3BrO,5,CaTiO3,Pm-3m,0.001104486,142.212
1.881,-3.290399716,31865,CaTiO3,5,CaTiO3,Pm-3m,0.076917543,57.1581
0,-3.012464574,42004,SrNbO3,5,CaTiO3,Pm-3m,0.009130824,66.5906
0,-0.636299637,44417,HoBPd3,5,CaTiO3,Pm-3m,0.14253641,79.7707
0.693,-2.148025255,15170,KHgF3,5,GdFeO3,Cmmm,0.069179848,87.4378
0,-2.529932255,108903,SrCrO3,5,CaTiO3,Pm-3m,0.080892147,56.6544
0,-0.319454484,249592,SrMgIn3,5,,I-4m2,0.002878547,140.849
0,-0.689026916,411448,Ca3TlN,5,CaTiO3,Pm-3m,0.018469855,120.092
2.718,-2.799351929,161702,HfPbO3,5,CaTiO3,Pm-3m,0.037397873,70.1527
0,-0.812426715,72942,Ca3AuN,5,CaTiO3,Pm-3m,0.021633123,112.085
2.206,-3.286686996,73628,BaTiO3,5,FeBiO3,R3m,0.000861368,64.7656
3.713,-3.553427192,35551,LaAlO3,5,AlLaO3,R-3m,0.007735357,53.9949
2.997,-3.110865556,99548,RbUO3,5,CaTiO3,Pm-3m,0.003119442,82.7607
0,-0.464505247,42930,Ti3TlC,5,CaTiO3,Pm-3m,0.004368438,77.0196
0,-0.827505164,42931,Ti3TlN,5,CaTiO3,Pm-3m,0.03498698,74.1873
1.81,-3.081234781,41061,LaCrO3,5,CaTiO3,Pm-3m,0.086857082,58.917
0,-0.657692619,44565,TbBRh3,5,CaTiO3,Pm-3m,0,74.5908
0,-0.495816236,42923,Y3TlC,5,CaTiO3,Pm-3m,0,119.552
0,-0.759621925,44561,ScBRh3,5,CaTiO3,Pm-3m,0,70.1743
0,-0.580092326,44570,YbBRh3,5,CaTiO3,Pm-3m,0.01296298,72.9489
0,-2.959336588,28928,NdVO3,5,CaTiO3,Pm-3m,0.23663128,58.8639
1.535,-1.952043561,28950,ZnAgF3,5,CaTiO3,Pm-3m,0.05829878,60.8214
1.727,-2.692770597,9532,KNbO3,5,PbTiO3,P4mm,0.00411495,65.6972
0,-0.698247943,44464,NdBRh3,5,CaTiO3,Pm-3m,0,77.2592
0,0.00845472,76763,ZnFe3C,5,CaTiO3,Pm-3m,0.015931127,53.6158
0,-1.747232393,181084,Ca3SnO,5,CaTiO3,Pm-3m,0.000218678,112.063
2.996,-3.137269719,44521,KUO3,5,CaTiO3,Pm-3m,0.002524292,81.2084
0.24,-0.771227977,75499,Rb3AuO,5,CaTiO3,Pm-3m,0.011782656,169.28
0,-2.982087254,28926,CeVO3,5,CaTiO3,Pm-3m,0.176911704,60.0128
0,-2.972488408,28927,PrVO3,5,CaTiO3,Pm-3m,0.207514027,59.3462
7.853,-3.535454168,28949,KMgF3,5,CaTiO3,Pm-3m,0,60.7486
0,-0.650322379,44437,LuBPd3,5,CaTiO3,Pm-3m,0.107689458,78.3101
0,-3.413560406,28908,LaTiO3,5,CaTiO3,Pm-3m,0.061410506,60.8028
0,-0.66139518,44547,YbBPd3,5,CaTiO3,Pm-3m,0.109528243,78.1942
0,-0.738089184,44563,SmBRh3,5,CaTiO3,Pm-3m,0,76.0996
1.617,-2.814561088,43722,RbMnF3,5,CaTiO3,Pm-3m,0,73.5969
1.619,-2.991961387,28931,CeCrO3,5,CaTiO3,Pm-3m,0.090225524,58.9507
0,-2.58380822,43799,BaMoO3,5,CaTiO3,Pm-3m,0.013064224,66.4959
0,-0.632647953,93047,EuH3Pd,5,CaTiO3,Pm-3m,0,52.1638
0,-1.177269025,158758,InBiO3,5,CaTiO3,Pm-3m,0.481769521,71.1431
0,-0.560455185,44463,NdBPd3,5,CaTiO3,Pm-3m,0.12899109,83.9253
0,-3.081248561,28925,LaVO3,5,CaTiO3,Pm-3m,0.166887991,59.9724
0,-0.779371317,44568,YBRh3,5,CaTiO3,Pm-3m,0,74.5422
1.599,-1.989461443,55649,NbAgO3,5,CaTiO3,Pm-3m,0.070883467,63.4114
1.794,-2.976481824,28933,NdCrO3,5,CaTiO3,Pm-3m,0.145239053,57.8717
0,-0.474064239,171478,CaNiH3,5,CaTiO3,Pm-3m,0,42.9338
0,-0.404847015,44421,Sc3InB,5,CaTiO3,Pm-3m,0.084651684,102.593
1.572,-2.493024052,153406,TiPbO3,5,CaTiO3,Pm-3m,0.023612798,61.6535
1.754,-2.950805983,28934,SmCrO3,5,CaTiO3,Pm-3m,0.200139754,56.9287
3.585,-3.554412584,153831,LaAlO3,5,CaTiO3,Pm-3m,0.006749965,54.1524
0,-0.672681388,44548,PrBRh3,5,CaTiO3,Pm-3m,0,78.0092
0,-0.518297837,76814,DyRh3C,5,CaTiO3,Pm-3m,0,72.9423
1.906,-2.986446369,28932,PrCrO3,5,CaTiO3,Pm-3m,0.117562768,58.3364
0,-0.331466322,76825,EuRh3C,5,CaTiO3,Pm-3m,2.41E-05,73.1347
2.714,-2.759789749,30739,CsPbF3,5,CaTiO3,Pm-3m,0.00509739,107.997
0,-2.551412692,15424,KFeF3,5,CaTiO3,Pm-3m,0.003005732,66.9276
0,-0.491508865,44545,TbBPd3,5,CaTiO3,Pm-3m,0.139163219,80.7783
0,-0.628417826,44585,Sc3SnB,5,CaTiO3,Pm-3m,0.007089319,100.246
0,-0.543529164,44543,PrBPd3,5,CaTiO3,Pm-3m,0.130551354,84.6814
0,-0.587649164,44544,SmBPd3,5,CaTiO3,Pm-3m,0.13126575,82.5099
0,-0.646427024,44546,TmBPd3,5,CaTiO3,Pm-3m,0.146889595,79.0171
0,-2.091870157,28917,BaFeO3,5,FeBiO3,R-3m,0.034918333,62.1939
2.125,-3.264981451,43768,BaPuO3,5,CaTiO3,Pm-3m,0.035403311,86.3452
0,-0.389902148,43848,Dy3AlC,5,CaTiO3,Pm-3m,0,116.174
0,-1.97952144,261370,SrRuO3,5,Cr3AsN,P4/mmm,0.044378976,61.5452
0,-0.558395113,168862,SrGe3Pd,5,BaNiSn3,I4mm,0,105.673
0,0.042715929,76842,Fe3SnC,5,CaTiO3,Pm-3m,0.065318482,58.7502
0.782,-1.144310328,56968,Ca3AsN,5,CaTiO3,Pm-3m,0.006232694,107.453
0,-0.33491132,43854,Gd3AlC,5,CaTiO3,Pm-3m,0,120.538
2.277,-1.743672907,29072,CsPbCl3,5,CaTiO3,Pm-3m,0.010941585,184.093
1.751,-1.50140142,29073,CsPbBr3,5,CaTiO3,Pm-3m,0.016068616,210.268
0,-0.562816988,44428,LaBPd3,5,CaTiO3,Pm-3m,0.150635517,85.784
0,-1.495166591,181090,Ba3SnO,5,CaTiO3,Pm-3m,0,165.847
0,-1.202412387,27839,CsAuCl3,5,CaTiO3,Pm-3m,0.070006628,138.236
4.593,-0.613296186,76434,TlClO3,5,FeBiO3,R3m,0.037832381,83.2569
0.49,-1.08078613,106320,Ca3BiN,5,CaTiO3,Pm-3m,0,117.286
0,-2.288781919,109076,SrTcO3,5,CaTiO3,Pm-3m,0.005862835,61.7475
0,-1.177581743,24479,CsHgBr3,5,CaTiO3,Pm-3m,0.036755978,179.795
0,0.031109316,43866,Tb3AlC,5,CaTiO3,Pm-3m,0.129625587,118.287
0,-2.09003774,73167,KPdF3,5,CaTiO3,Pm-3m,0.004574572,74.3148
0,-0.837034612,95049,CeBPt3,5,CePt3B,P4mm,0,85.0956
0,-1.203093453,37454,CsAuCl3,5,Cs2Au2Cl6,P4/mmm,0.069325562,139.055
0.721,-1.450563544,4071,CsSnBr3,5,CaTiO3,Pm-3m,0.004596086,199.897
0,-0.413719531,43856,Ho3AlC,5,CaTiO3,Pm-3m,0,114.175
0,-0.179281487,44659,Mn3IrN,5,CaTiO3,Pm-3m,0.114529305,58.856
0.881,-1.124111153,106350,Ca3PN,5,CaTiO3,Pm-3m,0,104.243
0,-2.323312648,27689,KCuF3,5,KCuF3(tP5),P4/mmm,0.008485068,62.2139
0,-0.433737672,43849,Er3AlC,5,CaTiO3,Pm-3m,0,112.228
0,-0.489383971,76997,GdRh3C,5,CaTiO3,Pm-3m,0,73.7384
0,-0.423986207,43869,Y3AlC,5,CaTiO3,Pm-3m,0,116.908
1.689,-3.279802678,27970,BaTiO3,5,CaTiO3,Pm-3m,0.007745686,64.076
0.721,-0.885214196,40216,RbGeI3,5,CaTiO3,Pm-3m,0.028204345,211.014
6.549,-3.470999423,171813,NaMgF3,5,CaTiO3,Pm-3m,0.040994955,56.0763
0,-0.260760362,43865,Sm3AlC,5,CaTiO3,Pm-3m,0,125.964
0,-2.095234245,29096,BaFeO3,5,CaTiO3,Pm-3m,0.031554245,62.7725
3.327,-0.385574165,165894,RbCaH3,5,CaTiO3,Pm-3m,0.020482797,88.906
1.589,-2.51383684,1610,TiPbO3,5,PbTiO3,P4mm,0.00280001,63.6189
0,-0.521685721,44541,Sc3BPb,5,CaTiO3,Pm-3m,0,101.139
0,-0.628722224,105692,SrSn3Pd,5,BaNiSn3,I4mm,0,133.635
0,-0.358162368,44586,Sc3TlB,5,CaTiO3,Pm-3m,0.060374485,102.629
0,-0.634132291,181447,CaSi3Ir,5,BaNiSn3,I4mm,0,88.0376
1.69,-3.283928962,15453,BaTiO3,5,PbTiO3,P4mm,0.003619402,64.4767
0,0.084151014,77001,Ni3GeC,5,CaTiO3,Pm-3m,0.324464103,55.3058
2.587,-0.831032483,62106,TlIO3,5,FeBiO3,R3m,0,89.0652
0,-0.52996057,77033,HoRh3C,5,CaTiO3,Pm-3m,0,72.6013
1.685,-3.280055766,27965,BaTiO3,5,BaTiO3(tet),P4/mmm,0.007492598,64.1469
0,-0.482249423,174266,BaSi3Pd,5,BaNiSn3,I4mm,0,100.326
0,-1.978392526,69360,SrRuO3,5,CaTiO3,Pm-3m,0.04550789,61.379
6.719,-3.685253828,154073,KCaF3,5,CaTiO3,Pm-3m,0.027844478,81.3914
0,-2.655622725,29118,LaFeO3,5,CaTiO3,Pm-3m,0.099062951,59.6702
0,-2.858755258,29119,LaMnO3,5,CaTiO3,Pm-3m,0.110755705,59.3165
0,-0.540985646,108131,ErRh3C,5,CaTiO3,Pm-3m,0,72.2558
0,-2.728411414,60611,NaVF3,5,CaTiO3,Pm-3m,0.168686437,62.7334
3.85,-3.617353191,29154,SrHfO3,5,CaTiO3,Pm-3m,0.035632507,68.986
0.426,-0.969366886,152052,Sr3SbN,5,CaTiO3,Pm-3m,0,140.345
0,-0.544582875,168861,SrGe3Ir,5,BaNiSn3,I4mm,0,103.486
0,-0.856991069,30751,LaSi3Ir,5,BaNiSn3,I4mm,0,91.414
0,-0.143697471,77152,MgNi3C,5,CaTiO3,Pm-3m,0,55.4123
0,-2.609043636,71994,SrMoO3,5,CaTiO3,Pm-3m,0.028184324,63.096
3.139,-3.469558349,245565,CeAlO3,5,CaTiO3,Pm-3m,0.009464365,54.1319
4.008,-3.617219923,161594,SrHfO3,5,KNbO3,P4mm,0.035765775,69.013
3.453,-3.319096126,29003,CaZrO3,5,CaTiO3,Pm-3m,0.197948578,70.0928
0.48,-1.411456983,77196,Rb3BrO,5,CaTiO3,Pm-3m,0.019319773,165.919
0,-0.563285623,77151,LuRh3C,5,CaTiO3,Pm-3m,0,71.4022
0,0.204595307,43864,AlPt3C,5,CaTiO3,Pm-3m,0.767222587,73.1757
0,-0.262140061,247273,TlHPd3,5,CaTiO3,Pm-3m,0,69.033
2.743,-0.259365366,56061,KMgH3,5,CaTiO3,Pm-3m,0,62.2594
0,-0.108193556,43846,Ce3AlC,5,CaTiO3,Pm-3m,0.081363464,139.856
0,-0.657920585,181448,CaSi3Pt,5,BaNiSn3,I4mm,0,89.2359
0,-0.746081859,631358,EuSi3Ir,5,,I4mm,0,89.1748
3.143,-0.522221534,76966,TlBrO3,5,FeBiO3,R3m,0.03405484,85.694
0,-0.590331865,76967,TlIO3,5,FeBiO3,R-3m,0.240700618,74.5988
4.607,-2.190074868,77242,CsCaBr3,5,CaTiO3,Pm-3m,0,186.553
4.588,-2.229160854,77243,CsYbBr3,5,CaTiO3,Pm-3m,0.000603474,184.273
0,-0.188099804,43860,Mn3AlC,5,CaTiO3,Pm-3m,0,54.9256
0,-1.804024925,413389,Yb3PbO,5,CaTiO3,Pm-3m,0,109.031
1.819,-2.262605675,157549,AlBiO3,5,CaTiO3,Pm-3m,0.125679825,52.8829
1.469,-1.572696098,157550,GaBiO3,5,CaTiO3,Pm-3m,0.225751168,57.3877
1.719,-2.443993179,27047,SrSnO3,5,CaTiO3,Pm-3m,0.051156913,67.2039
1.996,-2.344281877,29149,CaSnO3,5,NaBaLiNiF6,Pm-3m,0.201584033,65.2197
0.704,-2.85942374,28145,KVF3,5,CaTiO3,Pm-3m,0.059360728,67.9679
0,-1.896049199,413388,Yb3SnO,5,CaTiO3,Pm-3m,0,106.814
0,-1.977664788,157118,SrRuO3,5,GdFeO3,Pm-3m,0.046235628,61.2863
0,-2.795220492,99478,BaTbO3,5,CaTiO3,P4/mmm,0.165649053,84.552
0,-0.273569573,76057,Mn3PdN,5,CaTiO3,Pm-3m,0.025476294,60.6375
0,-0.354542945,76058,Mn3PtN,5,CaTiO3,Pm-3m,0.000377069,60.9144
0.751,-0.140743414,201004,Ag3SI,5,CaTiO3,Pm-3m,0.101556824,125.01
0.656,-2.845277915,28146,RbVF3,5,CaTiO3,Pm-3m,0.043551317,70.5153
1.013,-2.438427495,27049,BaSnO3,5,CaTiO3,Pm-3m,0.004159134,70.9476
1.887,-3.35096099,23076,SrTiO3,5,CaTiO3,Pm-3m,0.002888957,59.9366
0,-1.616721847,201036,Sr3SnO,5,CaTiO3,Pm-3m,0,136.658
0.426,-0.915451028,152053,Sr3BiN,5,CaTiO3,Pm-3m,0,141.169
3.553,-3.443063042,27046,SrZrO3,5,CaTiO3,Pm-3m,0.058468785,71.5999
3.317,-3.47419321,27048,BaZrO3,5,CaTiO3,Pm-3m,0.003656786,74.8799
0,1.451291863,43868,Tm3AlC,5,CaTiO3,Pm-3m,1.721997418,147.503
0,-0.567518755,174261,BaGe3Pd,5,BaNiSn3,I4mm,0,110.24
0,-0.188409069,76056,Mn3NiN,5,CaTiO3,Pm-3m,0.063317421,56.4248
0,-0.878824059,97371,NdBPt3,5,CePt3B,P4mm,0,83.2501
0,-0.198437613,76060,Mn3RhN,5,CaTiO3,Pm-3m,0.089424916,58.7113
0,-0.716917977,161867,CeGe3Rh,5,BaNiSn3,I4mm,0,100.676
0,-0.601696547,174267,BaSi3Pt,5,BaNiSn3,I4mm,0,99.7804
0,-0.134475683,247065,InNi3N,5,CaTiO3,Pm-3m,0,57.9444
3.761,-0.937406153,74768,RbBrO3,5,FeBiO3,R3m,0,86.7322
0,-0.396423269,77226,NdRh3C,5,CaTiO3,Pm-3m,0.007623308,75.9412
3.273,-3.516639689,29110,BaThO3,5,CaTiO3,Pm-3m,0.103611304,97.4382
0,-0.152681558,43863,Pr3AlC,5,CaTiO3,Pm-3m,0.052402439,135.258
0,-0.366229149,77304,PrRh3C,5,CaTiO3,Pm-3m,0.020208687,76.6237
6.973,-3.709330479,201253,RbCaF3,5,CaTiO3,Pm-3m,0.000387214,84.5208
0,-2.08974017,6047,KPdF3,5,GdFeO3,Cmmm,0.004872142,74.2818
0,-1.063639204,98508,Lu3InN,5,CaTiO3,Pm-3m,0,102.104
0,-1.066214007,98507,Tm3InN,5,CaTiO3,Pm-3m,0,105.208
1.314,-1.370383693,36512,K3IO,5,CaTiO3,Pm-3m,0.000385862,150.336
4.102,-2.789035406,23151,KZnF3,5,CaTiO3,Pm-3m,0,64.9581
0,-2.739352566,27690,KCrF3,5,KCuF3(tP5),P4/mmm,0.073784372,67.743
0,-0.317618538,77282,ZrRu3C,5,CaTiO3,Pm-3m,0.007185116,69.1349
0,-0.060306604,77230,ZnNi3C,5,CaTiO3,Pm-3m,0.044980025,53.7252
0,-1.056361551,98505,Ho3InN,5,CaTiO3,Pm-3m,0,109.101
2.3,-1.225013251,97995,KIO3,5,FeBiO3,R3m,0.008274713,84.3458
0,-0.020243709,77216,NbRu3C,5,CaTiO3,Pm-3m,0.183055824,67.0238
4.077,-0.950553481,74769,CsBrO3,5,FeBiO3,R3m,0,96.8314
0,-1.062248183,98506,Er3InN,5,CaTiO3,Pm-3m,0,107.31
0,0.048637139,39861,LiSi3Pd,5,BaNiSn3,I4mm,0.384815771,76.6098
0,1.179059196,76843,Ho3GaC,5,CaTiO3,Pm-3m,1.61473119,145.401
0,-0.635200191,409867,BaGe3Pt,5,BaNiSn3,I4mm,0,110.74
0,1.610498962,76815,Dy3TlC,5,CaTiO3,Pm-3m,1.926970654,176.322
0,-1.438712067,100791,Ba3PbO,5,CaTiO3,Pm-3m,0,168.035
5.582,-2.569088497,31461,CsYbCl3,5,CaTiO3,Pm-3m,0,157.269
0,0.190055925,108178,Pd3PbC,5,CaTiO3,Pm-3m,0.429777005,79.305
0,-0.628279911,168863,SrGe3Pt,5,BaNiSn3,I4mm,0,105.407
1.879,-3.293247232,31864,CaTiO3,5,,Cmmm,0.074070027,57.55
0,-0.445994423,174268,SrSi3Ni,5,BaNiSn3,I4mm,0,86.132
0,-0.63947755,44154,CeBRh3,5,CaTiO3,Pm-3m,0,78.8453
0,-0.3734088,77387,TbRh3C,5,CaTiO3,Pm-3m,0,73.3293
0,-0.551169226,77388,TmRh3C,5,CaTiO3,Pm-3m,0,71.932
1.941,-3.285397082,31155,BaTiO3,5,BaTiO3(orh),Amm2,0.002151282,64.6151
0,-0.522085044,44153,CeBPd3,5,CaTiO3,Pm-3m,0.10476732,85.7427
0,-0.386029762,77390,YbRh3C,5,CaTiO3,Pm-3m,2.04E-05,71.0653
0,-0.285976832,77393,ThRu3C,5,CaTiO3,Pm-3m,0,75.7782
0,1.179135894,76818,Er3GaC,5,CaTiO3,Pm-3m,1.574877069,143.96
0,-0.782620414,629884,DySi3Ir,5,BaNiSn3,I4mm,0,86.1449
0,-0.799957991,44211,DyBRh3,5,CaTiO3,Pm-3m,0,74.2015
0,-1.356419854,20288,FeBiO3,5,FeBiO3,R-3m,0.212645082,59.7496
1.478,-2.4910945,29117,TiPbO3,5,PbTiO3,P4/mmm,0.02554235,61.373
0,-2.37749826,28343,NaWO3,5,CaTiO3,Pm-3m,0.002362098,58.6546
0,-0.265295971,77391,ScRu3C,5,CaTiO3,Pm-3m,0,68.2337
0,-0.843683881,604624,LaSi3Rh,5,BaNiSn3,I4mm,0,90.6923
0,-0.673795188,161866,CeSi3Ru,5,BaNiSn3,I4mm,0,91.073
0,1.184810188,76993,Tm3GaC,5,CaTiO3,Pm-3m,1.535919356,141.913
0,-0.811355044,77397,Sc3SnC,5,CaTiO3,Pm-3m,0,92.9855
0,-0.200085118,108128,CaPd3C,5,CaTiO3,Pm-3m,0.255460491,78.0932
0,-0.861081002,97370,PrBPt3,5,CePt3B,P4mm,0,84.0551
0,0.314248763,108179,SnPt3C,5,CaTiO3,Pm-3m,0.641432483,79.1226
0.509,-1.075168573,69997,CsSnI3,5,CaTiO3,Pm-3m,0.00775513,245.852
0,1.602614837,76999,Gd3TlC,5,CaTiO3,Pm-3m,1.847518551,181.843
0,-0.733341955,631577,EuSi3Rh,5,BaNiSn3,I4mm,0,88.4155
0,2.928806368,77044,ScIr3C,5,CaTiO3,Pm-3m,3.41780798,102.299
0,-0.443808707,77386,SmRh3C,5,CaTiO3,Pm-3m,0,74.7947
0,-0.499109413,77389,YRh3C,5,CaTiO3,Pm-3m,0,73.2571
0,-1.544237977,100790,Sr3PbO,5,CaTiO3,Pm-3m,0,139.276
0,1.466186471,76823,Er3SnC,5,CaTiO3,Pm-3m,1.999388506,170.656
0,1.615981836,77035,Ho3TlC,5,CaTiO3,Pm-3m,1.94639153,173.786
0,-0.508708977,77385,ScRh3C,5,CaTiO3,Pm-3m,1.99E-05,69.0475
5.284,-2.599574641,31463,CsEuCl3,5,CaTiO3,Pm-3m,0.003293438,172.47
1.271,-0.069513253,158250,NaBeH3,5,CaTiO3,Pm-3m,0.122539306,35.1161
0,-0.802287445,621428,CeSi3Ir,5,BaNiSn3,I4mm,0,91.2365
0,-2.218604777,27118,TaSnO3,5,CaTiO3,Pm-3m,0.313046974,65.91
0,-0.115031253,422859,CdNi3N,5,CaTiO3,Pm-3m,0,57.1671
5.25,-1.039870813,10283,RbClO3,5,FeBiO3,R3m,0.024926684,83.6961
0,1.622371284,76824,Er3TlC,5,CaTiO3,Pm-3m,1.947578243,171.407
0,0.300639628,108183,PuRu3C,5,CaTiO3,Pm-3m,0.364968302,72.3719
0,-1.041505769,27777,CaSnO3,5,CaTiO3,Pm-3m,1.504360141,75.7325
0,1.161485401,77405,Yb3SnC,5,CaTiO3,Pm-3m,1.625923527,197.967
0,-0.630322591,44210,DyBPd3,5,CaTiO3,Pm-3m,0.14085068,80.3332
1.383,-1.327054381,62558,CsGeBr3,5,FeBiO3,R3m,0,186.17
0,-0.543859264,44242,EuBRh3,5,CaTiO3,Pm-3m,0.045983639,75.0863
0,-1.356030888,20372,FeBiO3,5,,R-3m,0.213034048,59.7014
0,-1.659212051,100789,Ca3PbO,5,CaTiO3,Pm-3m,0,117.79
0,0.097078591,618636,SnPd3C,5,,P4/mmm,0.528543265,76.1967
1.201,0.114116971,23977,BaLiH3,5,CaTiO3,Pm-3m,0.62407431,121.09
2.013,-0.029367581,23978,SrLiH3,5,CaTiO3,Pm-3m,0.480863969,93.8716
1.022,-0.94801688,62559,CsGeI3,5,FeBiO3,R3m,0.003902496,222.221
4.027,-3.052664917,40658,CaSiO3,5,CaTiO3,Pm-3m,0.239436659,45.5296
2.761,-2.63315979,262105,ZrPbO3,5,CaTiO3,Pm-3m,0.075203387,72.8054
0.658,-0.846912602,79086,K3AuO,5,CaTiO3,Pm-3m,0,145.455
0,-0.776503528,44310,GdBRh3,5,CaTiO3,Pm-3m,0,75.0069
0,-0.670838905,161868,CeGe3Ir,5,BaNiSn3,I4mm,0,101.166
0,-0.682324342,77235,Sc3PbC,5,CaTiO3,Pm-3m,0,94.9752
0,-0.693891082,58673,BaSn3Pd,5,BaNiSn3,I4mm,0,138.021
0,-1.359940183,77661,ThTaN3,5,CaTiO3,Pm-3m,0.146182591,66.1675
2.205,-1.573465848,62557,CsGeCl3,5,FeBiO3,R3m,0,163.142
0,-0.484257447,56396,Y3GaC,5,CaTiO3,Pm-3m,0,115.175
1.523,-0.507866316,35157,AgNO3,5,KNO3(R3m),R3m,0.035009036,58.8649
2.366,-3.338618331,61316,BaNpO3,5,CaTiO3,P4/mmm,0.050595442,88.2665
0,-0.532797521,59908,LaFeGe3,5,BaNiSn3,I4mm,0,94.3133
0,-2.187214025,163228,SrFeO3,5,CaTiO3,Pm-3m,0.001152443,57.0402
0,-0.453212948,99085,Ti3SnH,5,CaTiO3,Pm-3m,0,72.0557
0,-0.06676548,77392,TaRu3C,5,CaTiO3,Pm-3m,0.1665419,66.7782
0,-0.63941805,44241,EuBPd3,5,CaTiO3,Pm-3m,0.024542551,80.6631
0.933,-1.312136361,80320,CsGeBr3,5,CaTiO3,Pm-3m,0.01491802,175.576
0,1.417223733,76998,Gd3SnC,5,CaTiO3,Pm-3m,1.905729053,180.952
1.748,-2.665818746,28578,NaNbO3,5,TiPbO3,Pm-3m,0.039737822,62.5784
2.169,-1.743016409,109294,CsPbCl3,5,PbTiO3,P4mm,0.011598083,183.387
1.853,-1.501100022,109295,CsPbBr3,5,PbTiO3,P4mm,0.016370015,209.94
0,0.050755554,56398,Yb3GaC,5,CaTiO3,Pm-3m,0.318154969,122.885
0,-0.679169762,56405,Y3SnC,5,CaTiO3,Pm-3m,0,117.297
0,-1.037332707,28545,KIO3,5,,Pm-3m,0.195955257,71.9802
0,1.325471614,77558,Yb3TlC,5,CaTiO3,Pm-3m,1.598684008,194.753
0,-2.292050475,109293,RbCuF3,5,KCuF3(tP5),P4/mmm,0.007618638,65.3579
0,-1.202721807,417373,CsAuCl3,5,KCuF3(tP5),P4/mmm,0.069697208,138.482
0,1.451494047,77034,Ho3SnC,5,CaTiO3,Pm-3m,2.003148689,173.003
0,-0.319537895,56397,Sm3GaC,5,CaTiO3,Pm-3m,0.00094106,124.119
0,1.201553933,76849,Nd3GaC,5,CaTiO3,Pm-3m,1.49503147,164.411
0,-0.687478278,56407,Lu3SnC,5,CaTiO3,Pm-3m,0,107.444
0,1.586704671,76778,Ce3TlC,5,CaTiO3,Pm-3m,1.797934155,207.385
0,1.206361413,76851,Pr3GaC,5,CaTiO3,Pm-3m,1.493973032,168.459
0,-0.650149783,56406,Dy3SnC,5,CaTiO3,Pm-3m,0,116.609
0,-0.54363066,56410,Dy3PbC,5,CaTiO3,Pm-3m,0,118.57
0,-0.526200582,56404,Lu3TlC,5,CaTiO3,Pm-3m,0,109.239
0,-1.862441962,43457,TlCuF3,5,KCuF3(tP5),P4/mmm,0.008868598,66.3758
0,-0.346711765,56403,Sm3TlC,5,CaTiO3,Pm-3m,0,129.09
0,-0.614215734,44309,GdBPd3,5,CaTiO3,Pm-3m,0.107544589,81.2515
0,-0.564715202,56411,Tm3PbC,5,CaTiO3,Pm-3m,0,112.686
0,-2.669699259,29109,BaCeO3,5,CaTiO3,P4/mmm,0.263924267,94.6376
0.713,-0.190261988,26450,Ag3SI,5,Ag3SI(R3),R3,0.05203825,121.156
0,-0.712702886,57581,Ce3AlN,5,CaTiO3,Pm-3m,0,131.563
0,1.651043821,76822,Er3PbC,5,CaTiO3,Pm-3m,2.0730729,177.384
0,-0.00847689,56401,Yb3InC,5,CaTiO3,Pm-3m,0.278235977,129.153
0,1.385407437,76776,Ce3SnC,5,CaTiO3,Pm-3m,1.801572588,206.721
2.087,-1.572445762,23121,CsGeCl3,5,,R3,0.001020086,161.901
0,-0.191581791,57528,Nd3AlC,5,CaTiO3,Pm-3m,0.023099172,131.699
0,-0.609552129,621741,CeSi3Os,5,,I4mm,0,91.824
0,0.243104783,77040,InPt3C,5,CaTiO3,Pm-3m,0.539534354,77.0533
0,-0.793125079,621955,CeSi3Rh,5,BaNiSn3,I4mm,0,90.4734
0,-1.329062466,76048,CeGaO3,5,CaTiO3,Pm-3m,1.524070511,90.1051
0,-0.489732622,33667,TiCdO3,5,CaTiO3,Pm-3m,1.991496361,65.1951
0,-0.745296651,409869,EuGe3Pt,5,BaNiSn3,I4mm,0,101.198
0,-0.57167539,42928,Ti3InC,5,CaTiO3,Pm-3m,0.000151274,76.1665
0,-0.671368877,631294,EuGe3Ir,5,,I4mm,0,99.4931
0,-0.711674263,631309,EuGe3Rh,5,BaNiSn3,I4mm,0,99.0319
0,-1.722262313,160196,CrPbO3,5,CaTiO3,P4/mmm,0.149252009,58.3902
0,0.343655044,617925,GaPt3C,5,,P4/mmm,0.706399205,74.0753
0,-0.037065497,77153,Mn3SnC,5,CaTiO3,P4/mmm,0.03918611,58.7798
0,-1.486752409,76047,LaGaO3,5,CaTiO3,Pm-3m,1.447934356,85.2022
0,0.747511538,106353,Ca3SnN,5,CaTiO3,Pm-3m,1.625228459,194.562
0,1.39368444,77227,Nd3SnC,5,CaTiO3,Pm-3m,1.839577672,195.923
0,1.594737593,77228,Nd3TlC,5,CaTiO3,Pm-3m,1.818629894,196.799
0,0.908138937,103821,Nd3GaN,5,CaTiO3,Pm-3m,1.742514053,164.852
0,-0.245663577,76070,Mn3ZnN,5,CaTiO3,Pm-3m,0,53.9409
0,0.382531911,77234,Pt3PbC,5,CaTiO3,Pm-3m,0.455299653,82.0305
0,-0.639924378,98498,Tb3InN,5,CaTiO3,Pm-3m,0.007157442,113.014
0,-0.53027304,58662,BaNiSn3,5,BaNiSn3,I4mm,0,130.839
1.001,-2.059652257,152276,VPbO3,5,PbTiO3,P4mm,0.023054023,67.6788
0,-1.046989435,98504,Dy3InN,5,CaTiO3,Pm-3m,0,111.073
0,-0.492288803,87092,CeFeGe3,5,BaNiSn3,I4mm,0,95.1705
0,-0.521938369,174264,BaGe3Ir,5,BaNiSn3,I4mm,0,108.68
0,-0.564944459,174265,BaGe3Rh,5,BaNiSn3,I4mm,0,108.159
0,-0.204061001,76062,Mn3SnN,5,CaTiO3,Pm-3m,0.036359986,58.1121
0,1.591210269,77303,Pr3TlC,5,CaTiO3,Pm-3m,1.813218309,201.547
0,-0.728808926,58677,BaSn3Pt,5,BaNiSn3,I4mm,0,136.61
1.27,-1.534124988,168320,FeBiO3,5,Pb2FeNbO6,Cm,0.034939948,65.5143
2.041,-2.694217513,14363,KNbO3,5,,Amm2,0.002668034,65.7476
0,-1.000745413,6179,CuCO3,5,,Cm,0.256023056,49.2319
0,-0.492398658,105366,SrNiSn3,5,BaNiSn3,I4mm,0,125.424
0,1.403305281,77402,Sm3SnC,5,CaTiO3,Pm-3m,1.87131342,188.094
0,1.821748178,77403,Tb3SnC,5,CaTiO3,Pm-3m,2.015154168,178.073
0,1.489175397,77404,Tm3SnC,5,CaTiO3,Pm-3m,1.9834924,168.225
0,-0.186095932,56395,La3AlC,5,CaTiO3,Pm-3m,0.047946007,140.322
0,-0.508229178,56400,Dy3InC,5,CaTiO3,Pm-3m,0,119.414
0,-0.293164367,56402,La3TlC,5,CaTiO3,Pm-3m,0,143.715
0,-1.653460641,415804,Eu3InO,5,CaTiO3,Pm-3m,0,122.725
4.72,-2.493085545,158390,BaCO3,5,,R3m,0.022634495,74.6446
0,-0.430979322,56409,La3PbC,5,CaTiO3,Pm-3m,0,143.478
0,1.374393975,33662,CdCO3,5,CaCO3(hR10),R-3m,2.972062252,60.6986
3.518,-0.932790604,33663,KBrO3,5,FeBiO3,R3m,0,81.1973
0,0.844789371,106351,Ca3PbN,5,CaTiO3,Pm-3m,1.65184928,200.254
2.939,-2.677711354,39607,ZrPbO3,5,BaTiO3(orh),Amm2,0.030651823,73.3316
0,1.112333627,76398,Nd3SnN,5,CaTiO3,Pm-3m,2.089477803,195.115
0,-1.018715914,98503,Gd3InN,5,CaTiO3,Pm-3m,0,115.438
0,-0.615711081,600943,EuNiGe3,5,BaNiSn3,I4mm,0,92.4007
0,-0.11773813,33664,NaIO3,5,,Cmmm,1.095698493,76.0536
0,1.300218767,76400,Nd3TlN,5,CaTiO3,Pm-3m,2.097649778,196.035
3.244,-2.918856964,22310,LiUO3,5,,R-3m,0.227490263,78.4985
0,2.001990858,77237,Tb3PbC,5,CaTiO3,Pm-3m,2.116764212,184.313
0,-0.430176099,42929,Ti3InN,5,CaTiO3,Pmmm,0.518847484,99.8436
1.126,-1.671258113,817,RbMnCl3,30,BaFeO2+x,P1,0.018561024,759.782
0.775,-1.932430329,922,BaCoO3,10,BaNiO3,Cmcm,0.023645797,125.781
3.175,-2.914970365,980,NaTaO3,20,GdFeO3,Pnma,0.016551054,227.54
4.008,-3.478101304,1523,SrZrO3,20,NaTaO3,Cmcm,0.023430523,273.21
0,-0.301881896,56408,Y3PbC,5,CaTiO3,Pm-3m,0.158841215,151.668
1.373,-1.296209335,2439,ZrPbS3,20,NH4CdCl3/Sn2S3,Pnma,0.003263809,487.322
0,-0.852438394,98495,Pr3InN,5,CaTiO3,Pm-3m,0,141.086
0.853,-2.704682146,4054,KMnF3,20,,P4/mbm,0.115777014,253.481
1.525,-1.170087344,162264,FeBiO3,5,,R3,0.398977592,108.848
0,-1.262713637,15523,RbCuCl3,20,RbCrCl3(LT),C2,0.075757198,461.739
0,-3.024255735,15882,LuMnO3,30,LuMnO3,Cmc21,0.069803342,350.973
3.177,-2.913875539,16687,NaTaO3,20,ScYS3,Pna21,0.01764588,227.199
5.583,-2.498269191,18139,NaPO3,60,,Pnma,0.04638155,698.942
3.335,-2.309373394,20556,NaVO3,20,NaKV2O6,C2/c,0.165604449,243.252
1.908,-2.670060268,22065,NaNbO3,20,NaTaO3,Cmcm,0.0354963,232.41
1.155,-2.74369329,23822,YFeO3,20,ScYS3,Pnma,0.014128235,220.621
0,-2.310442914,24875,NdNiO3,20,GdFeO3,Pnma,0.059666421,214.435
1.619,-0.425696379,26638,AgNO3,40,AgNO3,Pbca,0.117178973,414.755
0.526,-2.41638745,28921,LaCoO3,5,CaTiO3,Pm-3m,0.091582388,53.5525
2.796,-2.477413571,31338,CaGeO3,20,GdFeO3,Pnma,0.043860926,204.595
0,-0.176620372,107021,La3InB,5,CaTiO3,Pm-3m,0.202301276,151.583
3.414,-1.205243272,35102,RbNO3,45,RbNO3,P31,0.075577683,589.325
0.768,-2.411947075,35218,CaMnO3,20,GdFeO3,Pnma,0.031607141,204.794
3.476,-1.222837471,38068,CsNO3,45,RbNO3,P31,0.065598312,666.592
2.613,-2.660753695,39624,NaNbO3,20,NaNbO3(oP20),Pmc21,0.044802873,226.786
1.717,-0.373672124,40757,PPbSe3,20,PbPS3,Pc,0.000680911,539.96
0,0.047350109,66356,InSiTe3,5,,P1,0.263739977,181.494
1.732,-3.277744409,55221,BaTiO3,30,,C2221,0.009803955,390.525
2.2,-2.429666032,62150,TiCdO3,20,GdFeO3,Pnma,0.051562952,217.702
2.229,-0.798115083,62929,InGaS3,30,Al2S3,P61,0,711.073
1.386,-0.572131448,62930,InGaSe3,30,Al2S3,P61,0,822.881
1.117,-3.232036375,63520,LaVO3,20,GdFeO3,P-1,0.016100176,239.804
1.357,-0.310583907,64659,SnPSe3,20,Sn2P2Se6,P21/c,0.000791502,520.255
0,-0.519944707,68091,LiBPt3,15,,Amm2,0,210.811
0.977,-0.199040002,71309,CuSe3Br,20,,Pnc2,0.036990217,495.17
0,1.971962854,77042,Tb3InC,5,CaTiO3,Pm-3m,2.052152936,175.787
0,-1.834730094,77142,SrCoO3,5,CaTiO3,Pm-3m,0.107755109,54.0472
0,-1.999680335,84652,BaRuO3,20,BaMnO3,Cmcm,0.023567999,265.587
0,1.62989846,76996,Gd3PbC,5,CaTiO3,P4/mmm,2.008532802,206.609
0.56,-2.402742389,88042,HoNiO3,20,Ba2LaRuO6,P21/c,0.065514168,203.268
4.578,-3.711779199,89455,LaYO3,20,ScYS3,Pna21,0.04858705,298.28
0,-2.196564135,92330,CaFeO3,20,GdFeO3,P21/c,0,209.609
0,-2.195520586,92336,CaFeO3,20,Ba2LaRuO6,P21/c,0.001043549,209.209
0,-0.843244838,93507,TlNiO3,20,GdFeO3,Pnma,0.142205419,209.626
1.459,-3.237307127,95578,YVO3,20,,P21/c,0.012845065,224.142
5.498,-3.357405805,100015,YBO3,30,,Pm,0.009892005,319.477
0,2.331489054,106306,Mn3InC,5,CaTiO3,Pm-3m,2.404375232,126.329
1.085,-2.379976126,157935,SrMnO3,20,BaMnO3,P63/mmc,0.028877586,227.2
0,-2.869490813,161926,NdMnO3,20,LaVO3,P21/c,0.053964934,232.919
0.546,-2.395836799,162113,DyNiO3,20,Ba2LaRuO6,P21/c,0.063804281,205.023
0,-2.985854128,162199,HoMnO3,30,LuMnO3,Cmc21,0.064455707,364.566
1.151,-1.540895811,164223,FeBiO3,30,,C2/m,0.028169126,365.974
1.845,-3.278099803,164386,BaTiO3,30,BaFeO2+x,P1,0.009448561,390.686
4.168,-3.640071514,164622,SrHfO3,20,NaTaO3,Cmcm,0.012914184,267.205
1.091,-3.144562024,165721,CeVO3,20,GdFeO3,Pnma,0.014436934,241.142
2.953,-2.361291627,170703,CdSiO3,60,CaSiO3,P21/c,0.018388984,738.328
2.575,-2.586931977,171385,ScBiO3,20,BiMnO3,Cc,0.053776647,261.586
2.752,-1.608071905,171756,InBiO3,20,ScYS3,Pna21,0.050966641,270.514
5.559,-2.50130201,174021,NaPO3,30,CaSiO3(HP),P-1,0.043348731,339.174
5.332,-2.597033427,201316,CsEuCl3,5,PbTiO3,P4mm,0.005834652,169.455
4.334,-3.043084202,240446,CaSiO3,20,CaSiO3(cI40),Im-3,0.249017374,178.764
0,-1.981355313,246019,BaRuO3,30,BaFeO2+x,Amm2,0.041893021,392.709
0,-1.545893899,246351,MnPbO3,30,SrIrO3,C2/c,0.091959409,350.397
0,-2.48154611,247225,LaCoO3,10,,C2/c,0.026423728,110.876
2.328,-2.669802674,247315,NaNbO3,20,GdFeO3,Pnma,0.035753894,229.875
2.655,-2.671260275,247316,NaNbO3,20,ScYS3,Pna21,0.034296293,229.959
2.497,-2.671659106,247317,NaNbO3,20,,Pmn21,0.033897462,230.13
0,-1.707089698,247326,MnBiO3,20,BiMnO3,Cc,0.04378437,238.064
0,-2.996219888,280583,ErMnO3,30,LuMnO3,Cmc21,0.065343961,360.681
4.294,-2.472697374,280991,CaCO3,20,,P-1,0.057083525,206.513
1.358,-0.311375409,403097,SnPSe3,20,,Pc,0,521.193
0.817,-2.286514842,410391,RbNiF3,30,BaFeO2+x,P1,0.080880824,371.273
0.91,-2.262225894,410392,CsNiF3,30,BaFeO2+x,C2,0.11422707,406.194
2.834,-1.911850195,412071,NbCl3O,20,,P-421m,0.019039416,460.233
3.163,-1.409818603,412763,EuPS3,20,Sn2P2Se6,P21/c,0.001186536,451.499
,-2.185279767,4320,BaTeO3,10,KClO3,P21/m,0,184.818
,-1.587593243,2225,RbCrCl3,10,S2NAsF6,C2/m,0.058398554,271.767
1.924,-2.379004907,10331,BaMnO3,10,BaNiO3,P63/mmc,0.000976974,136.679
0,-1.301653839,2064,CsCuCl3,10,CsCrBr3,Cmc21,0.062353881,269.875
,-1.050646554,1724,KClO3,10,KClO3,P21/m,0.015570477,165.294
,-2.737226545,284,MgVO3,10,,Cmc21,0,139.392
3.692,-1.240016742,9508,LiIO3,10,LiIO3,P63,0.006315359,128.402
2.981,-1.477232103,1343,CsCdBr3,10,BaNiO3,P63/mmc,0,361.746
,-2.59959696,9805,TiFeO3,10,FeTiO3,R-3,0.002923766,104.77
2.345,-1.616921394,2552,NaMnCl3,10,FeTiO3,R-3,0.007321451,231.929
1.048,-1.386537889,15010,RbNiCl3,10,BaNiO3,P63/mmc,0.000298631,248.957
1.075,-1.0191808,10042,CsMnI3,10,BaNiO3,Cmcm,0.00158848,416.113
1.314,-1.448472904,2782,CsMnBr3,10,BaNiO3,P63/mmc,0,337.948
0,-1.819555729,14175,BaTiS3,10,BaNiO3,Cmcm,0.013596869,231.837
0,-1.330417198,2590,CsCrBr3,10,CsCrBr3,P63mc,0.050905677,323.386
,-1.83087615,2239,ScUS3,10,ScUS3,Cmcm,0.03877482,205.773
2.69,-2.467319615,15988,TiNiO3,10,FeTiO3,R-3,0,100.333
,-1.814719688,19046,VCuO3,10,FeTiO3,R-3,0.033502371,99.2788
0,-1.423685434,16834,CuGeO3,10,,Pmma,0.043264359,117.728
0,-1.610259743,10206,CsCrCl3,10,CsCrBr3,P63mc,0.06358541,282.73
,-1.272419015,26161,CsAuCl3,10,Cs2Au2Cl6,I4/mmm,0,310.209
0,-1.819541296,18201,BaTiS3,10,CsCrBr3,P63/mmc,0.013611302,231.758
3.848,-1.544416094,12149,RbGeCl3,10,KClO3,P21/m,0,318.193
0,-1.194400218,10486,BaVSe3,10,BaNiO3,Cmcm,0.04597298,252.771
1.734,-2.679152838,23563,NaNbO3,10,NaNbO3(tP10),P4/mbm,0.02640373,120.468
1.471,-1.73757102,175,BaNiO3,10,BaNiO3,P63/mmc,0.030112287,129.655
3.129,-1.247525025,16339,CsNO3,10,RbNO3(oP10),Pmmn,0.040910758,153.688
0,-1.517435678,15537,BaVS3,10,BaNiO3,P63/mmc,0.070186165,222.91
1.796,-2.37717721,23873,BaMnO3,10,CsCrBr3,P63/mmc,0.002804671,136.168
3.624,-1.933853333,28556,MnCO3,10,CaCO3(hR10),R-3c,0,102.029
,-3.405627202,16525,LuBO3,10,CaCO3(hR10),R-3c,0.010666468,110.4
0,-1.660359509,16083,BaTaS3,10,BaNiO3,Cmcm,0,237.855
3.271,-3.146347227,28528,LiUO3,10,LiNbO3,R3c,0,127.823
,-1.680864744,30971,CdGeO3,10,FeTiO3,R-3,0.022190211,114.29
1.586,-1.596229537,31853,MnNiO3,10,FeTiO3,R-3,0,95.1922
5.336,-2.185404966,22086,CsMgCl3,10,BaNiO3,Cmcm,0.002277838,286.772
,-1.45113155,27553,NaBiO3,10,FeTiO3,R-3,0.003718478,141.871
0,-2.199730069,10474,CsScCl3,10,BaNiO3,Cmcm,0.016401675,289.981
3.164,-2.542732233,2373,CaSnO3,10,FeTiO3,R-3,0.003133677,133.471
4.604,-3.511065587,10333,NdAlO3,10,NdAlO3,R-3c,0.001523418,105.945
0,-2.070104606,1430,BaBiO3,10,BaBiO3(mS20),C2/m,0.000794689,165.976
,-2.037845933,19005,TiHgO3,10,LiNbO3,R-3c,0.091865161,115.142
,-0.933239108,33277,CsPS3,10,K2PS6,Immm,0.000953415,315.583
1.081,-2.024396362,29203,MnSnO3,10,FeTiO3,R-3,0.001928913,121.331
0,-1.203831127,24515,CsAuCl3,10,K2NaAlF6,Fm-3m,0.068587888,279.15
,-0.691239305,9933,YSi3Ni,10,YNiSi3,Amm2,0,163.846
1.476,-1.736809611,15761,BaNiO3,10,CsCrBr3,P63mc,0.030873696,129.484
2.505,-2.926926623,23322,NaTaO3,10,NaNbO3(tP10),P4/mbm,0.004594796,119.341
,-2.966156509,9537,LiTaO3,10,LiNbO3,R3c,0,105.118
1.831,-0.88564703,33278,KPS3,10,K2PS6,Immm,0.000367613,265.714
3.123,-1.889054283,33546,KSbO3,10,,R-3,0.00388674,152.39
,-2.967891611,31176,MgSiO3,10,FeTiO3,R-3,0.109242351,87.3792
1.423,-0.377830806,30531,AgPS3,10,,C2/m,0.015934144,221.149
,-2.476797882,15927,MgVO3,10,,Cmmm,0.260428663,139.293
,-1.9703572,30339,InGaO3,10,Be3N2,P63/mmc,0.002732208,116.052
4.333,-3.348946315,15383,LaBO3,10,KClO3,P21/m,0.008424716,126.104
0,-1.598532917,41320,CsTiBr3,10,BaNiO3,Cmcm,0.012844919,325.091
,-1.015059147,29521,Zr3AlN,10,,Cmcm,0,175.728
,-1.597668277,20181,CdCO3,10,CaCO3(hR10),R-3c,0,114.205
,-2.166940891,34474,FeBO3,10,CaCO3(hR10),R-3c,0,89.2904
,-2.953678584,30538,AlBO3,10,CaCO3(hR10),R-3c,0.02881593,78.8533
3.222,-1.251833014,33661,LiNO3,10,CaCO3(hR10),R-3c,0,91.0471
2.054,-2.249151374,40831,TaAgO3,10,NdAlO3,R-3c,0.021500678,121.643
0,-1.611108597,36132,CsCrCl3,10,BaNiO3,P63/mmc,0.062736556,283.838
,-0.624875826,41832,ScSi3Ni,10,YNiSi3,Amm2,0,151.831
2.199,-2.83747928,44407,TiMnO3,10,FeTiO3,R-3,0,108.716
2.053,-2.249527602,40830,TaAgO3,10,LiNbO3,R3c,0.02112445,121.803
,-3.273102919,65010,ScBO3,10,CaCO3(hR10),R-3c,0,99.6798
,-3.471720056,27100,YAlO3,10,Be3N2,P63/mmc,0.10489235,118.396
0,-2.920832122,55953,LaMnO3,10,NdAlO3,R-3c,0.048678841,119.97
,-2.588844861,43311,CrBO3,10,CaCO3(hR10),R-3c,0.002725915,87.4269
,-1.929042353,35012,LiReO3,10,LiNbO3,R3c,0.058950842,100.141
2.777,-1.239601171,61009,CsIO3,10,,Pm,0,197.363
0,-0.600860071,60645,SmNiGe3,10,NiSmGe3,Cmmm,0,186.443
0.211,-1.617929023,41802,CsCrCl3,10,S2NAsF6,C2/m,0.05591613,285.106
3.496,-3.175515829,55285,MgTiO3,10,FeTiO3,R-3,0.012683224,101.958
0,-2.310481748,69186,PrNiO3,10,NdAlO3,R-3c,0.04203795,110.846
0,-1.311502926,66067,CsAgCl3,10,Cs2Au2Cl6,I4/mmm,0,285.974
0,-2.94022458,73361,YMnO3,10,Be3N2,P63/mmc,0.018994461,126.756
4.642,-0.246359945,62109,GeH3Cl,10,,Cmc21,0.06359826,159
1.888,-0.627911565,61393,CdPS3,10,FePS3,C2/m,0.005081765,226.998
0,-0.463557336,16252,FePS3,10,FePS3,C2/m,0.132977764,197.175
0.714,-1.08030118,69995,CsSnI3,10,,P4/mbm,0.002622523,488.472
0,-1.941582981,25524,CaIrO3,10,CaIrO3,Cmcm,0,113.068
0,-0.257675556,66513,TaFeTe3,10,Nb2Se3,P21/m,0.021492416,260.958
3.162,-2.300024174,75254,InBO3,10,CaCO3(hR10),R-3c,0,105.035
0,-1.910981087,67671,MnInO3,10,,P63/mmc,0.029667522,118.005
0.173,-0.608871368,61391,MnPS3,10,FePS3,C2/m,0.0086854,210.923
0.715,-0.828365831,59269,CsAuI3,10,Cs2Au2Cl6,I4/mmm,0,427.034
1.739,-0.788069127,62340,InGaS3,10,,Cmc21,0.010045956,230.351
0,-0.552251714,68001,UReB3,10,,P63/mmc,0,113.462
0,-2.236205108,73554,LaCuO3,10,NdAlO3,R-3c,0.06288047,113.522
3.575,-1.553628394,61067,NiCO3,10,CaCO3(hR10),R-3c,0,88.4654
1.87,-3.35098647,56718,SrTiO3,10,Cr3AsN,I4/mcm,0.002863477,119.743
2.955,-2.589061155,22382,TiZnO3,10,FeTiO3,R-3,0.02630861,103.74
0,-0.64122606,65932,ErB3Mo,10,,P21/m,0,113.709
1.084,-1.416590538,59371,CsNiCl3,10,BaNiO3,Cmcm,0.002036466,266.563
2.64,-2.702263875,90743,LiNbO3,10,LiNbO3,R-3c,0.035169301,106.795
0,-0.840286315,74442,TaAgS3,10,CaIrO3,Cmc21,0.0294542,188.207
1.892,-0.627099274,80875,CdPS3,10,FePSe3,R3,0.005894056,225.528
2.017,-2.023967605,73243,MnGeO3,10,FeTiO3,R-3,0.016734634,105.143
3.462,-2.764887139,93438,CsPbF3,10,LiNbO3,R3c,0,211.083
3.459,-2.737433176,28294,LiNbO3,10,LiNbO3,R3c,0,106.407
0,-0.69103467,87827,YSi3Ni,10,NiSmGe3,Cmmm,0.000204635,163.305
0,-2.048579371,68714,BaBiO3,10,K2NaAlF6,Fm-3m,0.022319924,167.711
3.94,-2.401230873,91897,BaCO3,10,,P63/mmc,0.114489167,136.675
4.233,-1.858037539,87260,CsMgBr3,10,BaNiO3,Cmcm,0.002349372,332.037
2.988,-1.917702998,78011,NaSbO3,10,FePSe3,R-3,0.004535051,128.297
1.497,-0.841443112,78365,Cs3AuO,10,BaNiO3,Cmcm,0,382.963
0,-2.062501685,89669,CuSiO3,10,CuGeO3,Pmma,0.114245646,112.777
0,-0.840221673,73804,TaAgS3,10,ScUS3,Cmcm,0.029518842,187.698
3.434,-1.605189093,30993,PbSO3,10,KClO3,P21/m,0.057747187,145.432
2.077,-3.156444749,91271,LaCrO3,10,NdAlO3,R-3c,0.011647114,118.688
0,-0.293190233,25751,Cr3GeN,10,,P-421m,0.024485766,111.626
0.998,-0.501793655,84002,CsAuSe3,10,,C2/c,0,324.795
0,-0.581766426,60646,YNiGe3,10,NiSmGe3,Cmmm,0,182.369
1.501,-2.574619157,79278,TiFeO3,10,LiNbO3,R3c,0.027901569,104.528
2.398,-1.544800776,77329,TlSbO3,10,,R-3,0,174.039
0,-0.678446336,87826,SmSi3Ni,10,NiSmGe3,Cmmm,0,169.002
4.63,-3.261261451,99690,CeBO3,10,KClO3,P21/m,0.012511068,125.504
0.913,-1.741118804,71010,InFeO3,10,Be3N2,P63/mmc,0.00578755,119.009
3.957,-3.637070885,161595,SrHfO3,10,,P4/mbm,0.015914813,135.268
0,-0.456058542,158976,LaCrGe3,10,BaNiO3,P63/mmc,0,191.769
0.37,-2.070899295,151895,BaBiO3,10,Cr2S3(hR10),R-3,0,166.898
0,-2.9207378,150258,LaMnO3,10,Sr2CoRuO6,C2/c,0.048773163,120.032
0.812,-0.859266839,152054,Ba3SbN,10,BaNiO3,P63/mmc,0,335.793
0,-1.531982471,100678,FeCO3,10,CaCO3(hR10),R-3c,0.04977662,95.9398
0.622,-1.093928718,170696,CsAuBr3,10,Cs2Au2Cl6,I4/mmm,0,347.455
4.125,-3.645995787,161597,SrHfO3,10,BaPbO3,Imma,0.006989911,134.645
4.446,-3.497488208,165840,PrAlO3,10,NdAlO3,R-3c,0.002088753,107.172
0.601,-0.784633471,170791,RbAuI3,10,,C2/m,0,417.431
4.069,-3.557927268,164506,LaAlO3,10,NdAlO3,R-3c,0.003235281,108.26
2.115,-2.487337742,153531,SrSnO3,10,BaPbO3,Imma,0.00781235,133.763
1.97,-2.482656214,153532,SrSnO3,10,Cr3AsN,I4/mcm,0.012493878,133.89
0,-1.157193313,154258,CsTiI3,10,BaNiO3,Cmcm,0.007354685,415.528
0,-0.683698402,171189,ErSi3Ni,10,NiSmGe3,Cmmm,0,160.997
2.981,-2.329149115,171708,AlBiO3,10,LiNbO3,R3c,0.059136385,110.279
3.454,-3.475042609,166284,CeAlO3,10,Cr3AsN,I4/mcm,0.003980105,108.146
2.021,-3.352467665,182248,SrTiO3,10,,Ima2,0.001382282,119.622
4.383,-3.053929521,240414,CaSiO3,10,Cr3AsN,I4/mcm,0.238172055,90.8305
0,-0.281918275,245652,Ba3LiN,10,BaNiO3,Cmcm,0.020078885,403.923
1.787,-1.726084487,82242,VHgO3,10,,P-1,0,143.324
0,-0.598689111,160384,PrNiGe3,10,NiSmGe3,Cmmm,0,192.141
0.647,-1.884513431,249620,PrLuSe3,10,ScUS3,Cmcm,0,263.773
0,-0.848212068,89432,AgBiO3,10,FeTiO3,R-3,0.050850021,147.162
1.372,-2.344359103,164934,TaCuO3,10,LiNbO3,R3c,0.0614861,109.952
3.768,-3.476975355,245562,CeAlO3,10,BaPbO3,Imma,0.002047359,108.412
0,-0.56728687,164891,LaVGe3,10,BaNiO3,P63/mmc,0,194.017
4.354,-3.054429462,240422,CaSiO3,10,BaPbO3,Imma,0.237672114,90.8285
3.475,-3.473102677,245564,CeAlO3,10,NdAlO3,R-3c,0.005920037,108.34
3.958,-3.557003681,180415,LaAlO3,10,,C2/c,0.004158868,107.863
0,-1.940897533,159031,CaIrO3,10,CaIrO3,Cmc21,0.000685448,112.841
3.675,-3.556404264,180418,LaAlO3,10,,Fmmm,0.004758285,107.752
1.273,-1.700589313,181930,CdSnO3,10,FeTiO3,R-3,0.003729707,130.787
1.492,-1.185961532,411230,HgAsO3,10,,P-31m,0,158.354
3.008,-1.476152948,281176,CsCdBr3,10,CsCrBr3,P63mc,0.001079155,358.599
0.66,-1.879734482,249621,NdLuSe3,10,ScUS3,Cmcm,0,261.322
3.963,-3.557364364,180417,LaAlO3,10,BaPbO3,Imma,0.003798185,107.945
3.976,-3.557559514,180175,LaAlO3,10,LiNbO3,R-3c,0.003603035,108.226
0,-2.60909596,174206,SrMoO3,10,Cr3AsN,I4/mcm,0.028132,126.183
0,-0.727721843,154047,LaTiGe3,10,BaNiO3,P63/mmc,0,204.702
2.26,-3.346389973,162919,CaTiO3,10,Cr3AsN,I4/mcm,0.020927286,112.808
3.585,-3.556821058,180416,LaAlO3,10,Cr3AsN,I4/mcm,0.004341491,107.875
0,-2.60896425,174205,SrMoO3,10,BaPbO3,Imma,0.02826371,126.045
3.942,-1.819567234,202862,LiAsO3,10,FeTiO3,R-3,0.00456876,94.3175
0,-2.824124132,402039,TiBO3,10,CaCO3(hR10),R-3c,0.048636433,92.9324
0,-1.225467324,174041,CsFeBr3,10,BaNiO3,P21/m,0.000853039,318.094
1.759,-1.952871636,246425,CrBiO3,10,LiNbO3,R3c,0.027075004,119.602
0,-0.499254713,164894,NdVGe3,10,BaNiO3,Cmcm,0,190.985
0,-1.507640184,300249,CsFeCl3,10,BaNiO3,Cmcm,0.005055298,272.086
0.215,-1.265850795,245292,AgSbO3,10,FePSe3,R-3,0.016546385,137.74
0,-0.387372321,158977,CeCrGe3,10,BaNiO3,P21/m,0.027387247,196.646
0,-1.941993096,164774,CaRhO3,10,CaIrO3,Cmcm,0,111.301
1.871,-0.903968967,416176,RbPS3,10,,Immm,0.002263042,284.459
0,-2.75019053,411805,YbBO3,10,CaCO3(hR10),R-3c,0.161564767,117.222
0,-0.38241237,158980,SmCrGe3,10,BaNiO3,Cmcm,0.049207551,185.979
0,-0.504134006,609887,V3AsC,10,,Cmcm,0.005512954,121.087
0,-1.327586729,261371,NaIrO3,10,CaIrO3,Cmcm,0.004380413,111.702
0,-0.739547828,618621,V3PC,10,,Cmcm,0,112.868
0,-0.295438809,617527,Cr3PC,10,,Cmcm,0.040970551,105.696
0,-0.388469416,158978,PrCrGe3,10,BaNiO3,Cmcm,0.044539083,190.023
1.778,-0.39554764,2564,HgPS3,10,,P-1,0.002188565,239.138
0.914,-2.25155922,621478,CeLuS3,10,,C2221,0,235.405
0,-2.325988314,8000,KCuF3,10,KCuF3(tI20),I4/mcm,0.005809402,124.865
0,-1.905562564,2062,YbNdS3,10,NdYbS3,C2221,0.2200212,242.195
0.516,-1.008352663,26453,CsVI3,10,BaNiO3,P63/mmc,0,412.451
0,-0.07816705,609880,Cr3AsC,10,,Cmcm,0.065512561,113.453
0,-1.007229838,20012,LiIO3,10,,C2,0.239102263,110.423
1.016,-1.21779938,418088,NbI3O,10,,C2,0,324.801
0,-2.825164171,2752,BaTbO3,10,NdAlO3,R-3c,0.135705374,167.638
0,-2.324613752,21110,KCuF3,10,NaNbO3(tP10),P4/mbm,0.007183964,124.632
1.421,-2.816942144,246921,KMnF3,10,Cr3AsN,I4/mcm,0.003517015,140.582
2.405,-1.933475897,1892,PaBr3O,10,,C2/m,0.070323707,314.465
0.562,-0.178938221,62379,CrSiTe3,10,FePSe3,R3,0.00066868,291.916
3.258,-1.381304371,87262,CsMgI3,10,BaNiO3,P63/mmc,0,436.689
1.292,-0.267558852,75001,AlSiTe3,10,,P-3,0,311.561
0,-1.284606374,72343,KTmI3,10,KTmI3,Cmcm,0.165812018,383.263
0.73,-1.271399216,37453,CsAuCl3,10,Cs2Au2Cl6,Immm,0.001019799,308.129
3.118,-0.108767008,173446,CsBeH3,10,KClO3,P21/m,0,202.206
0,-1.64176828,99668,YbNdSe3,10,ScUS3,Cmcm,0.181501099,275.098
0,-1.691753987,99665,LaYbSe3,10,ScUS3,Cmcm,0.21047674,281.634
3.838,-2.663729491,163867,NaCdF3,10,LiNbO3,R3c,0.002745853,135.324
0,-1.96931708,99664,LaYbS3,10,ScUS3,Cmcm,0.230501459,249.025
0,-1.64210789,99667,YbPrSe3,10,ScUS3,Cmcm,0.185051781,277.44
0,-1.969199547,35440,LaYbS3,10,NdYbS3,C2221,0.230618992,248.921
0,-2.772410752,88591,BaCeO3,10,BaPbO3,Imma,0.161212774,185.883
0,-1.640962832,99666,YbCeSe3,10,ScUS3,Cmcm,0.188383341,281.22
0,-0.46239451,164892,CeVGe3,10,BaNiO3,Cmcm,0.036285875,211.803
0,-2.739940639,172846,KCrF3,10,,C2/m,0.073196299,135.51
1.265,-2.374598138,410394,CsNiF3,10,BaNiO3,P63/mmc,0.001854825,159.208
0.562,-0.179606901,71020,CrSiTe3,10,FePSe3,R-3,0,295.596
1.11,-2.493168519,246516,TiFeO3,10,CaIrO3,Cmcm,0.109352207,97.539
4.29,-3.646860089,164621,SrHfO3,10,Cr3AsN,I4/mcm,0.006125609,136.074
0.396,-2.164891874,200088,LaTlO3,10,,P63mc,0.160003916,151.213
0,-1.814474235,300285,CsDyBr3,10,NaNbO3(tP10),P4/mbm,0.115515893,356.103
0,-2.805417378,163753,BaPrO3,10,BaPbO3,Imma,0.158497882,182.292
0.523,-1.440182509,201833,CsVBr3,10,BaNiO3,P63/mmc,0,323.398
1.854,-0.675233009,416749,MnClO3,10,,Cmc21,0.473441612,160.491
0.858,-0.23765233,411344,TlBSe3,10,,Cc,0.008580814,256.852
1.388,-0.522683321,408505,GePdS3,10,Dy3Ni2,C2/m,0,227.448
0,-0.470968483,602477,CeSb3Pd,10,,P4/nmm,0.237519792,268.614
1.228,-0.714431986,408148,CsSnSe3,10,Cs2Sn2S6,P-1,0.001154696,364.027
0,-2.740719154,172844,KCrF3,10,KCuF3(tI20),I4/mcm,0.072417784,135.704
3.119,-1.245452162,2865,NaNO3,10,CaCO3(hR10),R-3c,0,114.14
0,-2.821622084,59596,BaTbO3,10,Cr3AsN,I4/mcm,0.139247461,167.363
2.133,-0.662057523,642731,MgPSe3,10,MnPSe3,R-3,0,258.807
1.249,-0.365736305,620237,CdPSe3,10,MnPSe3,R-3,0,262.615
4.494,-0.266052648,159173,LiMgH3,10,LiNbO3,R3c,0.008428246,88.3007
0,-1.896787138,622073,YbCeS3,10,,C2221,0.225992022,248.489
0.61,-0.216389868,657680,InSiTe3,10,,P-3,0,331.503
0,-2.765849446,79627,BaCeO3,10,NdAlO3,R-3c,0.16777408,186.122
0,-2.800208199,163754,BaPrO3,10,NdAlO3,R-3c,0.163707061,182.602
1.463,-2.253640308,15092,CsNiF3,10,BaNiO3,Cmcm,0.122812655,225.468
7.848,-3.440158588,156157,NaMgF3,10,KTmI3,Cmcm,0.07183579,98.8839
0,-0.391714414,158979,NdCrGe3,10,BaNiO3,P21/m,0.042832848,190.712
0.561,-0.160342695,79268,CrGeTe3,10,FePSe3,P-1,0.001806714,294.803
5.249,-2.818837135,172737,MgSiO3,10,CaIrO3,Cmcm,0.258296827,80.6352
1.753,-0.906016977,73008,CsSnS3,10,Cs2Sn2S6,P-1,0,326.373
0,-0.818229508,44237,ErBRh3,5,CaTiO3,Pm-3m,0,73.528
0,-0.165981884,43853,AlFe3C,5,CaTiO3,Pm-3m,0,52.7677
1.035,-1.686605153,28082,CsSnCl3,5,CaTiO3,Pm-3m,0.00292277,174.723
3.185,-0.393759575,88051,CsCaH3,5,CaTiO3,Pm-3m,0.012196093,94.3768
1.748,-2.666317616,28588,NaNbO3,5,CaTiO3,Pm-3m,0.039238952,62.6484
0,-1.666699748,402087,Ca3GeO,5,CaTiO3,Pm-3m,0.002549,104.505
0,-0.641863584,44233,ErBPd3,5,CaTiO3,Pm-3m,0.14412003,79.4524
0,-0.327674251,76774,CeRh3C,5,CaTiO3,Pm-3m,0.033283845,77.4309
3.064,-1.27676622,384,KNO3,5,KNO3(R3m),R3m,0.003272023,69.4478
0,-0.466926727,68092,NaBPt3,10,,P6/mmm,0,151.29
0,-2.339485528,181782,CaMnO3,5,CaTiO3,Pm-3m,0.104068688,52.9591
1.751,-2.667172932,28564,NaNbO3,5,NaNbO3(mP5),Cmmm,0.038383636,62.7795
0,1.588449891,77032,Ho3InC,5,CaTiO3,Pm-3m,1.956682026,170.905
0,1.595427135,76819,Er3InC,5,CaTiO3,Pm-3m,1.943129806,168.687
0,-1.386854688,76050,NdGaO3,5,CaTiO3,Pm-3m,1.50565222,86.3871
0,-0.711282109,160385,PrGe3Rh,5,BaNiSn3,I4mm,0,99.5269
0,-1.347209012,76049,PrGaO3,5,CaTiO3,Pm-3m,1.52764058,87.9528
0,1.389308143,77302,Pr3SnC,5,CaTiO3,Pm-3m,1.821041557,200.894
0,-0.768770539,161872,LaGe3Rh,5,BaNiSn3,I4mm,0,100.547
5.913,-3.343473623,156158,NaMgF3,10,Na2PtS2,P1,0.168520755,106.176
0,-0.727638313,161873,LaGe3Ir,5,BaNiSn3,I4mm,0,101.225
0,0.538812364,106352,Ca3SbN,5,CaTiO3,Pm-3m,1.489281871,189.072
0,-0.339880906,87399,Mn3GaN,5,CaTiO3,Pm-3m,0,53.8239
0,-1.169493416,98499,Sc3InN,5,CaTiO3,Pm-3m,0,88.5928
0,1.554260004,77039,Pr3InC,5,CaTiO3,Pm-3m,1.823785854,197.224
0,-0.113322505,23586,Mn3GaC,5,CaTiO3,Pmmm,0.009744825,55.42
0,1.179798888,76812,Dy3GaC,5,CaTiO3,Pm-3m,1.601544083,148.058
0,1.324288229,77049,La3SnC,5,CaTiO3,Pm-3m,1.790379061,210.443
3.749,-1.24444213,41199,LiIO3,20,LiIO3(oP20),Pna21,0.001889971,279.498
3.347,-2.367058417,2899,LiVO3,20,NaKV2O6,C2/c,0.005707933,229.048
2.52,-1.95496406,24051,LiSbO3,20,LiSbO3,Pnna,0,215.938
3.215,-1.781715715,16617,LiAsO3,20,,C2/c,0.042420279,230.016
2.463,-0.881474245,202642,LiGaI3,20,LiGaBr3,P21/m,0,703.611
2.823,-0.233933923,162260,CsMgH3,15,BaRuO3,R-3m,0.004047403,240.775
2.37,-0.484671084,168713,LiCaH3,30,NdAlO3,R-3c,0.021686949,275.719
2.59,-2.704670432,169694,LiNbO3,30,NdAlO3,R-3c,0.032762744,322.119
3.146,-2.361976676,23477,LiVO3,20,NaVO3(Cc),Cc,0.010789674,225.32
0,-0.918312706,98497,Sm3InN,5,CaTiO3,P4/mmm,0,133.769
0.775,-1.482067048,82277,LiBiO3,40,,Pccn,0,466.598
0.77,-2.344302267,,PrCoO3,5,CubicPerovskite_SrFeO3,Pm-3m,0.094475896,53.5993
0,-2.379886189,,MgAlO3,5,CubicPerovskite_SrFeO3,Pm-3m,0.48033484,48.0852
0,-0.85204443,,MgAsO3,5,CubicPerovskite_SrFeO3,Pm-3m,1.293580593,54.6223
0,-1.545891371,,MgBO3,5,CubicPerovskite_SrFeO3,Pm-3m,1.046033374,36.5884
0,-1.631001449,,MgBeO3,5,CubicPerovskite_SrFeO3,Pm-3m,0.75254099,40.3409
0,-1.12421593,,MgTeO3,5,CubicPerovskite_SrFeO3,Pm-3m,0.906846297,55.4145
0,-1.167961157,,MgAlO3,5,CubicPerovskite_SrFeO3,Pm-3m,1.692259873,51.9971
0,-1.460201792,,MgAsO3,5,CubicPerovskite_SrFeO3,Pm-3m,0.685423231,55.51
0,-0.860730729,,LiMgO3,5,CubicPerovskite_SrFeO3,Pm-3m,1.033080245,44.6247
0,-0.642943483,,MgCdO3,5,CubicPerovskite_SrFeO3,Pm-3m,1.050011219,66.5098
0,-0.20830705,,NaMgO3,5,CubicPerovskite_SrFeO3,Pm-3m,1.596762094,61.98
0,-1.127195978,,NaMgO3,5,CubicPerovskite_SrFeO3,Pm-3m,0.677873166,59.5623
0,-1.032715572,,MgTlO3,5,CubicPerovskite_SrFeO3,Pm-3m,0.623698313,59.2134
1.143,-1.725223049,,MgSnO3,5,CubicPerovskite_SrFeO3,Pm-3m,0.637778213,63.8105
0,-0.945726846,,MgGaO3,5,CubicPerovskite_SrFeO3,Pm-3m,1.321627976,54.6386
0,-0.734116938,,MgHgO3,5,CubicPerovskite_SrFeO3,Pm-3m,0.647068129,59.3417
0,-0.490843263,,MgAgO3,5,CubicPerovskite_SrFeO3,Pm-3m,0.832144799,62.4679
0,-1.027726055,,LiMgO3,5,CubicPerovskite_SrFeO3,Pm-3m,0.866084919,56.8323
0,-1.477789912,,MgSbO3,5,CubicPerovskite_SrFeO3,Pm-3m,0.74236303,66.693
0,-1.062227177,,MgZnO3,5,CubicPerovskite_SrFeO3,Pm-3m,0.794393046,53.8296
0,-2.047397475,,CaMgO3,5,CubicPerovskite_SrFeO3,Pm-3m,0.499034273,58.2679
0,-1.387795833,,YbMgO3,5,CubicPerovskite_SrFeO3,Pm-3m,1.317682423,68.6656
0,-0.534689405,,MgPdO3,5,CubicPerovskite_SrFeO3,Pm-3m,1.022307263,54.4916
0,-1.684859158,,MgTiO3,5,CubicPerovskite_SrFeO3,Pm-3m,1.503339895,50.0868
0,-0.737131497,,BaMgO3,5,CubicPerovskite_SrFeO3,Pm-3m,1.712462414,95.2649
0.718,-2.360176895,,MgZrO3,5,CubicPerovskite_SrFeO3,Pm-3m,0.998128386,50.8484
1.009,-2.878219124,,HfMgO3,5,CubicPerovskite_SrFeO3,Pm-3m,0.608472782,66.1352
0,-1.102022483,,MgNiO3,5,CubicPerovskite_SrFeO3,Pm-3m,0.61439823,48.8567
0,-2.590621752,,HoMgO3,5,CubicPerovskite_SrFeO3,Pm-3m,0.55954541,54.7303
0,-2.610227207,,DyMgO3,5,CubicPerovskite_SrFeO3,Pm-3m,0.531324478,55.0769
0,-0.433720617,,MgAuO3,5,CubicPerovskite_SrFeO3,Pm-3m,0.894705835,56.9805
0,-1.016854941,,MgIrO3,5,CubicPerovskite_SrFeO3,Pm-3m,0.801367244,59.2176
0,-0.804599613,,MgPtO3,5,CubicPerovskite_SrFeO3,Pm-3m,0.818436902,60.8298
0,-1.045190821,,MgMoO3,5,CubicPerovskite_SrFeO3,Pm-3m,1.476001278,51.2222
0,-0.858943073,,MgWO3,5,CubicPerovskite_SrFeO3,Pm-3m,1.696068037,50.3063
0,-1.073845387,,MgCdO3,5,CubicPerovskite_SrFeO3,Pm-3m,0.619109315,57.7725
0,-2.506330034,,LuMgO3,5,CubicPerovskite_SrFeO3,Pm-3m,0.662274314,53.6515
0,-2.723061993,,CeMgO3,5,CubicPerovskite_SrFeO3,Pm-3m,0.252929492,59.3587
0,-1.936987515,,MgCrO3,5,CubicPerovskite_SrFeO3,Pm-3m,0.564671175,51.9277
1.692,-2.700662026,,MgTiO3,5,CubicPerovskite_SrFeO3,Pm-3m,0.487537027,55.9087
1.042,-2.321288644,,HfMgO3,5,CubicPerovskite_SrFeO3,Pm-3m,1.165403262,49.923
0,-2.163945879,,YbMgO3,5,CubicPerovskite_SrFeO3,Pm-3m,0.541532377,56.0993
0,-1.924122635,,MgMoO3,5,CubicPerovskite_SrFeO3,Pm-3m,0.597069464,59.8611
0,-1.967966077,,GdMgO3,5,CubicPerovskite_SrFeO3,Pm-3m,1.116134917,79.8897
0,-1.067113883,,MgRhO3,5,CubicPerovskite_SrFeO3,Pm-3m,0.735671353,58.1987
0,-1.144199948,,KMgO3,5,CubicPerovskite_SrFeO3,Pm-3m,0.683355432,64.1514
0,-1.59402053,,MgGaO3,5,CubicPerovskite_SrFeO3,Pm-3m,0.673334291,54.1488
0,0.050669105,,CsMgO3,5,CubicPerovskite_SrFeO3,Pm-3m,1.871515292,87.5907
2.722,-2.606900334,,MgSiO3,5,CubicPerovskite_SrFeO3,Pm-3m,0.470233628,42.8189
0,-2.571666005,,ErMgO3,5,CubicPerovskite_SrFeO3,Pm-3m,0.586784869,54.454
0,-1.598241932,,MgTcO3,5,CubicPerovskite_SrFeO3,Pm-3m,0.600569437,58.0861
0,-0.518833744,,MgCuO3,5,CubicPerovskite_SrFeO3,Pm-3m,1.010838527,55.5339
0,-2.497200974,,TbMgO3,5,CubicPerovskite_SrFeO3,Pm-3m,0.50333403,55.3886
0,-1.513390823,,MgTaO3,5,CubicPerovskite_SrFeO3,Pm-3m,1.483090405,49.2817
0,-1.323800499,,MgSnO3,5,CubicPerovskite_SrFeO3,Pm-3m,1.039200763,56.2233
0,-1.025956761,,CsMgO3,5,CubicPerovskite_SrFeO3,Pm-3m,0.794889426,71.0472
0,-1.409554066,,MgVO3,5,CubicPerovskite_SrFeO3,Pm-3m,1.327672479,52.8128
0,-2.125486609,,SrMgO3,5,CubicPerovskite_SrFeO3,Pm-3m,0.375595727,61.8942
0,-1.951260689,,MgWO3,5,CubicPerovskite_SrFeO3,Pm-3m,0.603750421,60.4075
0,-1.303788425,,MgPbO3,5,CubicPerovskite_SrFeO3,Pm-3m,0.547282173,60.7017
0,-1.501532718,,MgBiO3,5,CubicPerovskite_SrFeO3,Pm-3m,0.456177151,59.0179
1.576,-1.882176282,,MgGeO3,5,CubicPerovskite_SrFeO3,Pm-3m,0.521739558,50.1787
0,-0.975572288,,MgCuO3,5,CubicPerovskite_SrFeO3,Pm-3m,0.554099983,49.5106
0,-0.798022999,,MgPdO3,5,CubicPerovskite_SrFeO3,Pm-3m,0.758973669,59.1414
0,-0.93596419,,MgGeO3,5,CubicPerovskite_SrFeO3,Pm-3m,1.46795165,57.2823
0,-1.178431808,,MgTeO3,5,CubicPerovskite_SrFeO3,Pm-3m,0.852630419,71.5766
0,-1.186743225,,MgInO3,5,CubicPerovskite_SrFeO3,Pm-3m,0.923068723,67.5775
0,-1.873744466,,TbMgO3,5,CubicPerovskite_SrFeO3,Pm-3m,1.126790538,78.487
0,-0.517109579,,MgRuO3,5,CubicPerovskite_SrFeO3,Pm-3m,1.422353031,52.8411
0,-1.597156507,,MgFeO3,5,CubicPerovskite_SrFeO3,Pm-3m,0.459445181,51.177
0,0.337505571,,MgBO3,5,CubicPerovskite_SrFeO3,Pm-3m,2.929430316,55.242
0,-1.307979756,,MgSbO3,5,CubicPerovskite_SrFeO3,Pm-3m,0.912173186,57.0011
0,-2.103608701,,ErMgO3,5,CubicPerovskite_SrFeO3,Pm-3m,1.054842173,74.9649
0,-0.242647149,,MgOsO3,5,CubicPerovskite_SrFeO3,Pm-3m,1.67042048,50.5804
0,-0.863890245,,SrMgO3,5,CubicPerovskite_SrFeO3,Pm-3m,1.637192091,83.5249
0,-0.386336704,,MgHgO3,5,CubicPerovskite_SrFeO3,Pm-3m,0.994848363,69.182
0,-2.380732779,,MgPaO3,5,CubicPerovskite_SrFeO3,Pm-3m,0.716557889,83.7066
0,-0.507275565,,MgAuO3,5,CubicPerovskite_SrFeO3,Pm-3m,0.821150887,64.1624
